内容关键词,分区,内容指数,新增稿件量指数,新增相关UP主指数,播放量指数,互动量指数,搜索量指数,日期
光遇,全站,1381.13,104.29,168.07,296.43,370.47,441.86,2026-03-30
光遇,全站,1656.89,95.48,155.77,313.83,391.20,700.60,2026-03-31
光遇,全站,1749.11,132.94,222.72,395.76,459.95,537.72,2026-04-01
光遇,全站,1642.11,103.56,177.63,389.55,433.98,537.38,2026-04-02
光遇,全站,2036.48,120.45,194.03,499.36,570.68,651.93,2026-04-03
光遇,全站,3210.89,201.25,326.57,793.23,844.69,1045.13,2026-04-04
光遇,全站,3087.95,186.56,310.17,818.52,887.66,885.01,2026-04-05
光遇,全站,2877.07,185.09,317.01,805.61,860.91,708.44,2026-04-06
光遇,全站,1385.50,106.50,184.46,299.91,353.88,440.74,2026-04-07
光遇,全站,1352.76,99.15,169.43,275.35,349.81,459.00,2026-04-08
光遇,全站,1336.16,97.68,165.33,274.31,351.87,446.94,2026-04-09
光遇,全站,1725.05,88.87,150.30,415.04,524.06,546.76,2026-04-10
光遇,全站,2968.22,157.91,270.55,863.55,852.33,823.85,2026-04-11
光遇,全站,3131.73,180.68,304.71,756.00,788.69,1101.63,2026-04-12
